"Twitter Id","Username","Name","Location","SparkScore","Engagement Score","Social Followers","Url","Verified","Account Type","% of Audience","Profile Image","Hidden Gem","Description","Social Profile 0","Social Profile 1","Social Profile 2","Social Profile 3","Social Profile 4","Social Profile 5","Social Profile 6","Social Profile 7","Social Profile 8","Social Profile 9"
"1375234369636331522","DeGodsNFT","DeGods III","","75","76","73467","degods.com","0","","99.46416610850636","https://pbs.twimg.com/profile_images/1582975913649586176/nxcdlhn1_normal.jpg","","We are building the best communities on the internet.","https://twitter.com/DeGodsNFT","https://instagram.com/thedegods","","","","","","","",""
"295218901","VitalikButerin","vitalik.eth","Earth","100","82","4109991","vitalik.ca","1","individual","56.96105635824323","https://pbs.twimg.com/profile_images/977496875887558661/L86xyLF4_normal.jpg","","Ethereum

Fable of the Dragon Tyrant (not mine but it's important): https://t.co/t3jaMRRrPs

Abolish daylight savings time and leap seconds","https://twitter.com/VitalikButerin","https://github.com/vbuterin","https://linkedin.com/in/vitalik-buterin-267a7450","","","","","","",""
"1441835930889818113","frankdegods","Frank","y00topia","66","67","40910","","0","individual","55.55449239307243","https://pbs.twimg.com/profile_images/1642761124503494656/EKigucty_normal.jpg","","social experimenter @degodsnft & @y00tsNFT","https://twitter.com/frankdegods","","","","","","","","",""
"1433121559057559555","MagicEden","Magic Eden 🪄","Metaverse","50","11","226768","","1","","53.803463783370006","https://pbs.twimg.com/profile_images/1608832132448948224/VZwAgvrL_normal.jpg","","Multichain NFT Platform on Solana, Polygon, Ethereum & Bitcoin 💜 Frens: @MEonPolygon @MEonEthereum @MEonBTC @TheMagicDAO","https://twitter.com/MagicEden","","","","","","","","",""
"951329744804392960","solana","Solana","Switzerland","93","58","2066296","solana.com","1","","52.78920677447134","https://pbs.twimg.com/profile_images/1472933274209107976/6u-LQfjG_normal.jpg","","Solana is a blockchain built for mass adoption ◎ Fast, composable, green, and globally distributed.  by @SolanaFndn","https://twitter.com/solana","https://github.com/solana-labs","https://linkedin.com/company/solanalabs","https://youtube.com/channel/UC9AdQPUe4BdVJ8M9X7wxHUA","","","","","",""
"902926941413453824","cz_binance","CZ 🔶 Binance","","100","92","5386728","","1","","52.52128982872453","https://pbs.twimg.com/profile_images/1622842877427568640/pV6BnEjT_normal.jpg","","CEO @binance, holder of #bnb #btc","https://twitter.com/cz_binance","https://linkedin.com/in/cpzhao","","","","","","","",""
"946213559213555712","opensea","OpenSea","New York, NY","94","62","2795496","opensea.io","0","","52.51172136637642","https://pbs.twimg.com/profile_images/1544105652330631168/ZuvjfGkT_normal.png","","The largest NFT marketplace. Buy, sell, & discover the internet of goods. Get help at https://t.co/f3KCJaxqBz We will never DM you first.","https://twitter.com/opensea","https://instagram.com/opensea","https://youtube.com/c/OpenSeaTV","","","","","","",""
"1381699264011771906","BoredApeYC","Bored Ape Yacht Club","The Swamp","91","44","876839","boredapeyachtclub.com","1","","52.195962108889105","https://pbs.twimg.com/profile_images/1608904721489592321/o7Sj4Iln_normal.jpg","","To become a member, buy a Bored Ape or Mutant Ape on OpenSea.  Created by @yugalabs","https://twitter.com/BoredApeYC","https://instagram.com/boredapeyachtclub","https://youtube.com/channel/UCB6R9NAjkgxQi_QEkc4O25Q","","","","","","",""
"574032254","coinbase","Coinbase","Remote First","100","73","5131189","www.coinbase.com","1","","45.89034542149077","https://pbs.twimg.com/profile_images/1484586799921909764/A9yYenz3_normal.png","","The most trusted crypto exchange

For support ➡️ @CoinbaseSupport","https://twitter.com/coinbase","https://facebook.com/coinbase","","","","","","","",""
"877807935493033984","binance","Binance","","89","68","9409459","www.binance.me","0","","45.76595541096546","https://pbs.twimg.com/profile_images/1609809081950158848/5VV7u7va_normal.jpg","","The world’s leading blockchain ecosystem and digital asset exchange. #Binance #BNB For support: @BinanceHelpDesk","https://twitter.com/binance","https://facebook.com/binance","https://github.com/binance-exchange","https://instagram.com/binance","","","","","",""
"1424905944857722887","SOLBigBrain","S◎L Big Brain","Big Brain","64","66","192048","","0","","42.21605587982011","https://pbs.twimg.com/profile_images/1636026171514146816/7s_8M8Kp_normal.jpg","","PFP: @catalinawhales Founder: @howrareis Investment: @BigBrainVC Gallery: @BigBrainGallery Advisor: @AzraGames","https://twitter.com/SOLBigBrain","","","","","","","","",""
"1538085876445499393","y00tsNFT","y00ts","y00topia","36","6","104912","y00ts.com","0","","40.83819730169362","https://pbs.twimg.com/profile_images/1588399574430806018/oBYKtGnj_normal.jpg","","A curated community of builders and creators connected via 15,000 NFTs.","https://twitter.com/y00tsNFT","","","","","","","","",""
"914738730740715521","0xPolygonLabs","Polygon (labs)","","94","62","1634583","polygon.technology","0","","39.068031767295","https://pbs.twimg.com/profile_images/1624229555333373952/JXGKFcO__normal.jpg","","A development and growth team for the @0xPolygon networks. Supporting the adoption of Polygon networks and ecosystem #onPolygon.","https://twitter.com/0xPolygonLabs","https://instagram.com/0xpolygon","","","","","","","",""
"1357749263632109570","yugalabs","Yuga Labs","","96","72","230057","","1","","38.84795713328868","https://pbs.twimg.com/profile_images/1399966612405592065/irAtrWtO_normal.jpg","","Projects include @BoredApeYC  @MeebitsNFTs  @CryptopunksNFTs  @OthersideMeta @10KTFshop & https://t.co/7AcAuuyyNq","https://twitter.com/yugalabs","","","","","","","","",""
"1110877798820777986","SBF_FTX","SBF","Nassau, The Bahamas","0","0","637083","","1","","37.47009855516218","https://pbs.twimg.com/profile_images/1493575109424160772/AKRRTAI-_normal.jpg","","","https://twitter.com/SBF_FTX","","","","","","","","",""
"244647486","saylor","Michael Saylor⚡️","Miami Beach, FL","100","88","2599482","","1","individual","37.05865467419386","https://pbs.twimg.com/profile_images/1485632175932383235/8t0DGo6V_normal.jpg","","#Bitcoin is https://t.co/KbbYe745r3 | $BTC Hodler | @MicroStrategy Founder & Chairman $MSTR | @MIT Aerospace | bio https://t.co/9Zlq0oHqyh | free education https://t.co/4L1s0iwzQ6 | Tweets are my own.","https://twitter.com/saylor","https://facebook.com/michaeljsaylor","https://linkedin.com/in/mjsaylor","","","","","","",""
"2259434528","cobie","Cobie","","65","45","724318","cryptocobain.com","1","individual","36.55152616974452","https://pbs.twimg.com/profile_images/1635306764395773952/mXwi4irA_normal.jpg","","I host the @uponlytv which is supposed to be weekly but has only happened six times this year because we are lazy","https://twitter.com/cobie","","","","","","","","",""
"3369243892","farokh","Farokh","Montréal, Québec","61","27","300112","","1","","36.1974930628648","https://pbs.twimg.com/profile_images/1624445010899869696/z4jwEowR_normal.jpg","","foundooor @rugradio, collector, gm of gm’s and web3 enthusiast.","https://twitter.com/farokh","","","","","","","","",""
"1388487332093997057","punk6529","6529","The Open Metaverse","73","45","343775","","1","","35.88173380537747","https://pbs.twimg.com/profile_images/1440017111531855879/A4p6F07H_normal.jpg","","https://t.co/RIvGdr2PWi
https://t.co/n653QeRIqB
https://t.co/0EOOwrBVDl
https://t.co/MSweZh1POg
https://t.co/Id0QtW16tH","https://twitter.com/punk6529","","","","","","","","",""
"1379053041995890695","phantom","Phantom","","83","77","311714","phantom.app","1","","34.29336905559276","https://pbs.twimg.com/profile_images/1394116783792025603/jTMcoZRY_normal.jpg","","The friendly crypto wallet built for DeFi & NFTs. Get support at https://t.co/nv3wYIXIdT — We will never DM you or ask for your Secret Recovery Phrase!","https://twitter.com/phantom","","","","","","","","",""
"2260491445","CoinMarketCap","CoinMarketCap","Decentralized","85","35","5628407","coinmarketcap.com","1","","34.22638981915606","https://pbs.twimg.com/profile_images/1609596934557429760/lIbH-TCC_normal.jpg","","#CMC Showcasing the crypto revolution to +340M monthly visitors. Start your journey here (https://t.co/oV8qu6GIZO)","https://twitter.com/CoinMarketCap","https://facebook.com/coinmarketcap","https://instagram.com/coinmarketcap","https://linkedin.com/company/coinmarketcap","https://youtube.com/channel/UCnhdZlwVd6ocXGhdSyV9Axg","","","","",""
"2327407569","aeyakovenko","toly 🇺🇸","Solana Beach, CA","52","6","173465","","1","","33.403502057219406","https://pbs.twimg.com/profile_images/1640828958655541251/hNWshDo7_normal.jpg","","Wartime OSS maintainer. Co-founder of Solana Labs. Follows, retweets, likes are not endorsements. NFA, mostly technical gibberish. Be kind!","https://twitter.com/aeyakovenko","","","","","","","","",""
"1122468522297298945","RTFKT","RTFKT","Metaverse","96","72","342568","rtfkt.com","1","","33.16429049851689","https://pbs.twimg.com/profile_images/1454105487985811476/nJeNHbrU_normal.jpg","","Merging Worlds 🌎⚔️🌐 Avatars, next Gen Sneakers and Collectibles.                 The Future is now.","https://twitter.com/RTFKT","https://instagram.com/rtfkt","https://youtube.com/channel/UCVc5Bwg8Fs8ZrzBLeB09ZdA","","","","","","",""
"34097500","beeple","beeple","","99","90","2569363","beeple-collect.com","1","","33.05903741268778","https://pbs.twimg.com/profile_images/264316321/beeple_headshot_beat_up_normal.jpg","","design shit. 15+ years of everydays*","https://twitter.com/beeple","https://facebook.com/beeple","https://instagram.com/beeple_crap","https://vimeo.com/beeple","https://youtube.com/channel/UC3Y4vKAzTCqSdOt0ZeYWvTg","","","","",""
"2312333412","ethereum","Ethereum Foundation","worldwide","55","2","2913596","ethereumprice.org","1","","32.93464740216247","https://pbs.twimg.com/profile_images/1627642622645878784/TP1GH9TM_normal.jpg","","EF is a non-profit and part of a community of organizations and people working to fund protocol development, grow the ecosystem, and advocate for Ethereum.","https://twitter.com/ethereum","https://facebook.com/ethereumproject","https://github.com/ethereum","https://youtube.com/channel/UCNOfzGXD_C9YMYmnefmPH0g","","","","","",""
"1422676808911269893","SolanaLegend","Solana Legend 🎒","Solana Beach","55","37","122301","","1","individual","32.561477370586545","https://pbs.twimg.com/profile_images/1612114256438099969/y7gcq1h4_normal.png","","Managing Partner @_Frictionless_, Co-Founder @monkeDAO, member @_leDAO Opinions are my own, not investment advice","https://twitter.com/SolanaLegend","","","","","","","","",""
"1387497871751196672","WatcherGuru","Watcher.Guru","Texas, USA","0","0","795098","","0","","32.27442350014353","https://pbs.twimg.com/profile_images/1641221212578754562/DfiC0KW2_normal.png","","Watcher Guru gives you unparalleled, unbiased coverage of #crypto & finance in real-time | Tweets Are Not Financial Advice | World News: @Remarks","https://twitter.com/WatcherGuru","","","","","","","","",""
"1414330132022452231","fxnction","fxnction","","43","51","103163","","0","individual","32.14046502727012","https://pbs.twimg.com/profile_images/1636355765001924608/lriBmKTy_normal.jpg","","NFTs & Crypto. Building @RatioWeb3 & @sensediscord. Seed Investor @magiceden @nftnow @frakt_hq. I don’t do promos.","https://twitter.com/fxnction","","","","","","","","",""
"1405701429646430212","doodles","doodles","doodleverse","96","74","314612","doodles.app","1","","32.083054253181515","https://pbs.twimg.com/profile_images/1626340174270713856/9wEXyVPp_normal.jpg","","Coloring the world with joy • ᴗ • https://t.co/RBGevcD67o","https://twitter.com/doodles","https://instagram.com/welikethedoodles","https://youtube.com/channel/UCtPrgLDvHqOCAG8K4E1Cw6g","","","","","","",""
"1333467482","CoinDesk","CoinDesk","New York, USA","73","16","2919381","www.coindesk.com","1","","32.05434886613721","https://pbs.twimg.com/profile_images/1430879040156667904/NlbJjd-l_normal.png","","Join us at @Consensus2023 April 26-28: https://t.co/9j5kzjfgTH

Follow @CoinDeskMarkets @CoinDeskPodcast @CoinDeskES @CoinDeskChinese @Consensus2023 @CoinDeskStudios","https://twitter.com/CoinDesk","https://facebook.com/coindesk","https://instagram.com/coindesk","https://linkedin.com/company/coindesk","","","","","",""
"2621412174","pranksy","Pranksy 📦","The Ether","69","48","425542","","1","","31.8725480815233","https://pbs.twimg.com/profile_images/1537438338621157380/TL7Xz9cp_normal.jpg","","An Investor / Collector of #NFTs and OG enthusiast.
Co-Founder and owner of 📦 https://t.co/CZmYIsMJIm @nftboxes
IG: https://t.co/XMOdII63fM","https://twitter.com/pranksy","","","","","","","","",""
"3012852462","zachxbt","ZachXBT","donations: zachxbt.eth","53","8","276064","","1","","31.59506267342838","https://pbs.twimg.com/profile_images/1607849212758183938/1cSApRP3_normal.jpg","","On-chain sleuth. Rug pull survivor turned 2D detective","https://twitter.com/zachxbt","","","","","","","","",""
"339061487","APompliano","Pomp 🌪","Global","80","45","1625387","www.anthonypompliano.com","1","individual","31.16448186776385","https://pbs.twimg.com/profile_images/1547787118243561478/PxWzJo1H_normal.jpg","","Entrepreneur, investor, and lifelong learner. I write a daily letter to 235,000+ investors at https://t.co/E6GoKjvdJH","https://twitter.com/APompliano","https://facebook.com/pomp","https://linkedin.com/in/anthonypompliano","https://medium.com/apompliano","https://youtube.com/c/AnthonyPompliano","","","","",""
"14379660","brian_armstrong","Brian Armstrong","Earth","96","70","1146277","","1","individual","31.06879724428284","https://pbs.twimg.com/profile_images/1516832438818770944/n77EwnKU_normal.png","","Co-founder & CEO at @Coinbase. Creating more economic freedom in the world.","https://twitter.com/brian_armstrong","https://facebook.com/bdarmstrong","https://github.com/barmstrong","https://linkedin.com/in/barmstrong","https://medium.com/barmstrong","","","","",""
"1370479673818427403","Zeneca","Zeneca 🔮","Subscribe Now →","57","57","275409","","0","","30.858291072624628","https://pbs.twimg.com/profile_images/1599829720966873107/CO2UCdwH_normal.jpg","","Luck is what happens when preparation meets opportunity ― Seneca 🔮

Founder: @ZenAcademy and @The333Club","https://twitter.com/Zeneca","","","","","","","","",""
"1444011503275810822","Coinbase_NFT","Coinbase NFT","","0","0","479898","","1","","30.255477944694288","https://pbs.twimg.com/profile_images/1483958908611743746/FAk-Oc4W_normal.png","","For those who build🏗 and those who believe.💫 Be a part of the next great creative community. 🖼 Banner by @PopWonderNFT","https://twitter.com/Coinbase_NFT","","","","","","","","",""
"948736680554409984","elliotrades","EllioTrades","Los Angeles, CA","85","74","703537","","1","","30.226772557649983","https://pbs.twimg.com/profile_images/1518712180593467393/MkgX76Qx_normal.jpg","","Building @SuperVerseDAO = (@PlayImpostors + @GigaMartNFT) & Hand of @NeoTokyoCode","https://twitter.com/elliotrades","","","","","","","","",""
"1432402638868389892","CozomoMedici","Cozomo de’ Medici","Bellagio, 22021, Italia","78","77","265947","","1","individual","30.16936178356138","https://pbs.twimg.com/profile_images/1635396020598366209/ry61kLPe_normal.jpg","","Grand patron of the digital arts ⚔️ business: @kdean | investments: @gbmedici join 30,000+ readers of my Medici Minutes newsletter, free👇 ⚜️🔴🔴⚜️🔴⚜️🔴🔴 ⚜️","https://twitter.com/CozomoMedici","","","","","","","","",""
"3278906401","MetaMask","MetaMask 🦊💙","The Blockchain","97","72","843343","metamask.io","1","","30.092814084776577","https://pbs.twimg.com/profile_images/1514275943300284417/2Ubgzfgg_normal.jpg","","The World’s Leading Web3 Wallet
Support: https://t.co/gIVYDSNWxk / @MetaMaskSupport
Developers: https://t.co/oZnu4BvWGA / @MetaMaskDev","https://twitter.com/MetaMask","https://github.com/metamask","","","","","","","",""
"1138993163706753029","Pentosh1","Pentoshi 🐧","Grenada","66","63","539386","","0","","29.911013300162665","https://pbs.twimg.com/profile_images/1638517221180751872/Kko3064i_normal.jpg","","#Bitcoin, Not a financial advisor, No paid group, DM's are scams. lover of @meritcircle_io. 🐧 Peng Life 🐧. Investoooorrr.","https://twitter.com/Pentosh1","","","","","","","","",""
"347831597","TheSandboxGame","The Sandbox","","83","46","1041457","www.thesandboxgame.com","1","","29.796191751985457","https://pbs.twimg.com/profile_images/1543874421991133184/FdMBQ7uo_normal.jpg","","The Sandbox is a virtual gaming world where players can build, own, and monetize their gaming experiences.","https://twitter.com/TheSandboxGame","https://facebook.com/thesandboxgame","https://instagram.com/thesandboxgame","https://youtube.com/user/TheSandboxGame","","","","","",""
"1243470638477697024","ZssBecker","Alex Becker 🍊🏆🥇","","79","76","828533","alexbecker.org","0","individual","29.48043249449813","https://pbs.twimg.com/profile_images/1550828422762577922/S3-NhpCA_normal.jpg","","Building/growing HYROS and NEO Tokyo | I Official NEO Tokyo Links : https://t.co/lEhwEMWfTg","https://twitter.com/ZssBecker","https://instagram.com/alexbeckertech1","https://linkedin.com/in/alex-becker-a8809a43","","","","","","",""
"1494856957471113219","OthersideMeta","Othersidemeta","🔑 ","94","93","144617","","1","","29.336905559276627","https://pbs.twimg.com/profile_images/1580260320848773144/sBA-yy3r_normal.jpg","","Where the swamp ends, Otherside begins.

Discord : https://t.co/iF5gw2EebE

Created by @yugalabs","https://twitter.com/OthersideMeta","","","","","","","","",""
"1055894724245155841","avalancheavax","Avalanche 🔺","Worldwide","95","77","749826","www.avax.network","1","","29.15510477466271","https://pbs.twimg.com/profile_images/1605605053901021184/9LNylZAA_normal.png","","#Avalanche is the future-proof blockchain that's built to scale. Build any thing you want, any way you want on the world's most developer-friendly Layer 1.","https://twitter.com/avalancheavax","https://github.com/ava-labs","","","","","","","",""
"657863","kevinrose","Kevin Rose 🦉","LA / NYC / PDX","90","54","1975446","www.kevinrose.com","1","individual","29.107262462922208","https://pbs.twimg.com/profile_images/1635701831337906177/VJbdFn7W_normal.jpg","","🥃 @proof_xyz | 🦉 @moonbirds | @trueventures DAOs:🦩 | krocold.eth","https://twitter.com/kevinrose","https://facebook.com/the.kevin.rose","https://instagram.com/kevinrose","https://linkedin.com/in/kevin-rose-9a224a6","https://youtube.com/user/kevinrose","","","","",""
"101833150","rajgokal","raj 🦾","Milky Way","78","75","136745","","1","individual","28.59056549612477","https://pbs.twimg.com/profile_images/1603613377640534016/kC5Mz0-n_normal.jpg","","co-founder @solana. tweets (and bad jokes) are my own. retweets and likes are not endorsements. do your own research.","https://twitter.com/rajgokal","https://facebook.com/rajgokal","https://github.com/rajgokal","https://instagram.com/rajgokal","https://linkedin.com/in/rajgokal","","","","",""
"357312062","Bitcoin","Bitcoin","Worldwide","89","67","5439130","","0","","28.447038560903266","https://pbs.twimg.com/profile_images/421692600446619648/dWAbC2wg_normal.jpeg","","Bitcoin is an open source censorship-resistant peer-to-peer immutable network. Trackable digital gold. Don't trust; verify. Not your keys; not your coins.","https://twitter.com/Bitcoin","","","","","","","","",""
"1101264495337365504","FTX_Official","FTX","","93","70","625945","","1","","28.37049086211846","https://pbs.twimg.com/profile_images/1587616813185392640/62LYZEro_normal.jpg","","All official FTX Group bankruptcy documents filed with the U.S. Bankruptcy Court can be found online at https://t.co/qe8U00sffb.","https://twitter.com/FTX_Official","https://instagram.com/ftx_official","https://youtube.com/channel/UC3r0upC_xJ9SvtaCKNUtosA","","","","","","",""
"1457443615542636545","InvsbleFriends","Invisible Friends","New York, USA","80","78","549252","","1","","28.360922399770356","https://pbs.twimg.com/profile_images/1535178899528753153/ZEdxP9Yf_normal.jpg","","✏️ The official account of Invisible Friends 🤝 @garbagefriends coming soon 🙂 a @RNDMCHARACTERS project https://t.co/ogjbMNwsQH","https://twitter.com/InvsbleFriends","","","","","","","","",""
"1311393885806100481","gmoneyNFT","gmoney.9dcc.eth","Metaverse","64","49","255376","","1","","28.09300545402354","https://pbs.twimg.com/profile_images/1626216945698881541/kF6xM_Cb_normal.jpg","","@admit0001 🎟  @9dccxyz
futurist. disruptor. creative director.","https://twitter.com/gmoneyNFT","","","","","","","","",""
"618539620","IcedKnife","Iced ◢ dd ◤","family reunion","49","36","352624","","0","","27.24141230504258","https://pbs.twimg.com/profile_images/1593254346111602692/bnjt1A_r_normal.jpg","","$SOL degenerate. profit maxi. shitcoin lover. web3 consultant. founder @dumbass_donkeys. #1 $ADA hater.","https://twitter.com/IcedKnife","https://youtube.com/user/icedknife","","","","","","","",""
"1392835126845865986","SolanaMBS","SolanaMonkeyBusiness 🐒","Monkey Island","64","67","89282","","1","","27.193569993302074","https://pbs.twimg.com/profile_images/1625147738152136704/O8oQmaTY_normal.jpg","","🍌 | https://t.co/uMfYnk20eP |","https://twitter.com/SolanaMBS","","","","","","","","",""
"1406063244532404225","SolanartNFT","Solanart - Instant Loans Now Live","","44","24","233134","solanart.io","0","","27.136159219213475","https://pbs.twimg.com/profile_images/1606657934615781381/NY96enAE_normal.jpg","","The only true zero-fee NFT marketplace of Solana. YOU choose what’s fair.","https://twitter.com/SolanartNFT","","","","","","","","",""
"1425966540843896832","SOLbuckets","S◎L buckets 🏝","","48","60","98893","","0","","27.030906133384363","https://pbs.twimg.com/profile_images/1607748964350058497/9LeKiTEE_normal.jpg","","not your average degen | building @sandbar_io","https://twitter.com/SOLbuckets","","","","","","","","",""
"357317524","stablekwon","Do Kwon 🌕","Singapore","0","0","363417","","1","","27.002200746340062","https://pbs.twimg.com/profile_images/1601204775957118976/rx_aJtAo_normal.jpg","","#Luna 🌕","https://twitter.com/stablekwon","","","","","","","","",""
"127646057","DeeZe","DeeZe 🫡","Moon","51","50","232075","","0","individual","26.90651612285906","https://pbs.twimg.com/profile_images/1600176789384470529/Ov473Rmm_normal.jpg","","I know that I know nothing | Co-host @Wedoalittlepod | Director of Vibes @Tessera + @Escherxyz  |💙❤️ @MrsDeeze | banner by @jubbishjay","https://twitter.com/DeeZe","","","","","","","","",""
"62418232","cryptopunksnfts","CryptoPunks","New York","93","72","182461","larvalabs.com","1","","26.734283800593246","https://pbs.twimg.com/profile_images/1506332416847269890/OJ8gQuG2_normal.png","","Unique collectible characters stored on the Ethereum blockchain. 

Discord: https://t.co/zFvNWfBy6C 
Track sales @cryptopunksbot 
Part of the @YugaLabs ecosystem","https://twitter.com/cryptopunksnfts","https://github.com/larvalabs","https://linkedin.com/company/larvalabs","","","","","","",""
"1323747353308835840","franklinisbored","Franklin","Metaverse","51","61","97264","","0","individual","26.72471533824514","https://pbs.twimg.com/profile_images/1631857268630192129/cV5jmxVS_normal.png","","Large @BoredApeYC #BAYC holder - market maker of $1 billion Market Cap NFT collection - I have ~56 apes (a few dozen are $APE staking/loan/trading). #Web3 #NFT","https://twitter.com/franklinisbored","","","","","","","","",""
"745273","naval","Naval","","90","73","1942219","nav.al","0","individual","26.600325327719837","https://pbs.twimg.com/profile_images/1256841238298292232/ycqwaMI2_normal.jpg","","I block miserable people.","https://twitter.com/naval","https://facebook.com/navalpodcast","https://instagram.com/naval","https://linkedin.com/in/navalr","https://medium.com/naval","","","","",""
"1416070452372459523","RaritySniperNFT","Rarity Sniper","SniperVerse","49","35","471739","","0","","26.447229930150222","https://pbs.twimg.com/profile_images/1484400093583314945/UzE0HueO_normal.jpg","","The #1 source for NFT Rarity. 2000+ verified collection rankings on #Ethereum, #Solana & more! Fill the form to get listed with us: https://t.co/gRrQfamb0H","https://twitter.com/RaritySniperNFT","","","","","","","","",""
"1465591503309344769","okaybears","Okay Bears","The Park ⛲️","81","71","151653","www.okaybears.com","0","","26.24629222084011","https://pbs.twimg.com/profile_images/1570401960498528259/6TFGJ6CZ_normal.jpg","","Okay Bears is a web3 culture shift. Represented by @IMG & @okayxyz. Buy at https://t.co/DQ2OgpBbvz","https://twitter.com/okaybears","https://instagram.com/okaybearsnft","","","","","","","",""
"79714172","zhusu","Zhu Su 朱溯","","72","51","530157","","1","","26.227155296143913","https://pbs.twimg.com/profile_images/1642482315602395138/7g4NNyuA_normal.jpg","","perpetual optimist @opnx_official","https://twitter.com/zhusu","","","","","","","","",""
"1427557319500472325","LooksRare","LooksRare","","66","57","229117","looksrare.org","1","","26.150607597359105","https://pbs.twimg.com/profile_images/1635537502047182849/QI4nGYl1_normal.jpg","","Trade NFTs. Get rewards. Discover the leading community-first NFT marketplace. $LOOKS

👀💎 https://t.co/tc7T05h520","https://twitter.com/LooksRare","https://instagram.com/looksrare","","","","","","","",""
"2652239532","Ledger","Ledger","Paris, Vierzon, SG, ZRH, LDN","67","55","546044","www.ledger.com","1","","26.0836283609224","https://pbs.twimg.com/profile_images/1522608646043181060/QQRjVYhi_normal.jpg","","Ledger Extension is here, bringing Web3 connectivity & security to your web browser.

Support: @Ledger_Support","https://twitter.com/Ledger","https://facebook.com/ledger","https://github.com/ledgerhq","https://instagram.com/ledger","https://linkedin.com/company/ledgerhq","","","","",""
"2453385626","RaoulGMI","Raoul Pal","Little Cayman, Cayman Islands","75","36","948735","","1","individual","26.054922973878096","https://pbs.twimg.com/profile_images/1513134005071368193/4dm1aFt8_normal.jpg","","Founder/CEO - https://t.co/WL4VnN8Oal and https://t.co/5kr2Xppdic, Investment Strategist, Economic Historian, Traveller and Rum Drinker..Not a guru.","https://twitter.com/RaoulGMI","https://linkedin.com/in/raoul-pal-real-vision","","","","","","","",""
"1432583226707484676","Azuki","Azuki","The Garden","0","0","288110","","1","","25.777437565783178","https://pbs.twimg.com/profile_images/1514324107881431045/vsF28_QV_normal.jpg","","Take the red bean to join the Garden.","https://twitter.com/Azuki","","","","","","","","",""
"731402158512476161","SolanaSensei","Solana Sensei","","83","92","89482","","0","","25.700889866998374","https://pbs.twimg.com/profile_images/1513456984258928643/BA-xw-6z_normal.jpg","","NFT Collector | Solana OG | God Mode Unlocked #Solana | Founder of Namaste Collection","https://twitter.com/SolanaSensei","","","","","","","","",""
"902839045356744704","justinsuntron","H.E. Justin Sun 孙宇晨","Geneva, Switzerland","93","58","9678480","www.hejustinsun.com","1","","25.528657544732564","https://pbs.twimg.com/profile_images/1490173066357342208/MZyfamFE_normal.jpg","","Chinese @sunyuchentron | @TRONDAO ₮ #TRX https://t.co/aNdf07ZKso | @BitTorrent #BTT https://t.co/Y1UfwSJ8ko | @HuobiGlobal Advisor | https://t.co/RUCF4Yuzas","https://twitter.com/justinsuntron","https://facebook.com/justinsuntron","https://github.com/tronprotocol","https://instagram.com/justinsun","https://linkedin.com/in/justinsuntron","https://youtube.com/c/JustinSunTRON","","","",""
"910110294625492992","kucoincom","KUCOIN","","93","43","1589877","www.kucoin.com","1","","25.452109845947756","https://pbs.twimg.com/profile_images/1613448057424838657/m5okzze8_normal.jpg","","Find the Next #Crypto Gem on #KuCoin, People's Exchange. #KCS
Moderators: @KuCoinUpdates @KuCoinModerator @KuCoinMod
YouTube: https://t.co/IWg2xguFwx","https://twitter.com/kucoincom","https://facebook.com/KuCoinOfficial","https://github.com/Kucoin","https://instagram.com/kucoinexchange","https://linkedin.com/company/kucoin","https://youtube.com/c/KuCoinExchange","","","",""
"1039833297751302144","whale_alert","Whale Alert","Worldwide","54","10","2285653","scam-alert.io","0","","25.38513060951105","https://pbs.twimg.com/profile_images/1132579647374417921/9ifIGXEQ_normal.png","","The most advanced #blockchain tracker and analytics system reporting large and interesting transactions as they happen. Data available through our API.","https://twitter.com/whale_alert","","","","","","","","",""
"1408282519095582722","DegenApeAcademy","Degenerate Ape Academy","The Academy ","38","2","108551","","0","","25.289445986030046","https://pbs.twimg.com/profile_images/1608664422444142594/mHJ1ySOd_normal.jpg","","Welcome to the Academy | To enroll, purchase an ape at: https://t.co/PnciOlBr5X | https://t.co/rN6jcQRM6h","https://twitter.com/DegenApeAcademy","","","","","","","","",""
"984188226826010624","Uniswap","Uniswap Labs 🦄","Ethereum","76","45","905985","uniswap.org","1","","25.06937135202373","https://pbs.twimg.com/profile_images/1242184851152928769/wG2eTAfD_normal.jpg","","We contribute to Uniswap - a protocol for trading and automated liquidity provision on Ethereum.","https://twitter.com/Uniswap","https://github.com/uniswap","https://linkedin.com/company/uniswaporg","","","","","","",""
"952087880918228992","JRNYcrypto","JRNY Crypto","JRNY Club","68","47","1477891","journeyto100k.org","1","","24.91627595445412","https://pbs.twimg.com/profile_images/1596324848011137024/lwQTxoS3_normal.jpg","","Enjoy the journey | Crypto & NFT videos | Founder of @JRNYclub @PlanetXOLO & @blocknewsdotcom","https://twitter.com/JRNYcrypto","https://instagram.com/journeyto100k_","https://youtube.com/channel/UC188KLMYLLGqVJZdYq7mYFw","","","","","","",""
"1489018530511175681","apecoin","ApeCoin","ApeCoin DAO","75","65","334310","","1","","24.78231748158071","https://pbs.twimg.com/profile_images/1504200520528973825/ukukPZMP_normal.jpg","","ApeCoin is an ERC-20 governance and utility token used to empower a decentralized community building at the forefront of web3.","https://twitter.com/apecoin","","","","","","","","",""
"918804624303382528","100trillionUSD","PlanB","","90","83","1854108","","0","","24.6579274710554","https://pbs.twimg.com/profile_images/1541188633163595776/DB1plS2K_normal.jpg","","Creator of the stock-to-flow valuation model.
PlanB on  (1.8M followers) and on YouTube (40K subscribers).","https://twitter.com/100trillionUSD","https://github.com/100trillionusd","","","","","","","",""
"1507052909355221006","HGESOL","HGE.ABC","Underworld","68","81","23512","","0","individual","24.6387905463592","https://pbs.twimg.com/profile_images/1627610521137446912/5KetQ9p3_normal.jpg","true","$hades $MDS
Paperhanded 10K #ABC 
Sugardaddy of  @hadeswap 
SOL account of @9x9x9eth 
Make the world a better place before I upload myself","https://twitter.com/HGESOL","","","","","","","","",""
"3291691","chamath","Chamath Palihapitiya","CA","91","55","1605099","","1","","24.313462826523775","https://pbs.twimg.com/profile_images/1257066367892639744/Yh-QS3we_normal.jpg","","CEO @SocialCapital Bestie @theallinpod

Weekly reading list: https://t.co/PSBNs9US6o","https://twitter.com/chamath","https://facebook.com/chamath","https://linkedin.com/in/chamath","https://medium.com/chamath","","","","","",""
"906234475604037637","CryptoKaleo","K A L E O","Worldwide","0","0","533180","","0","individual","24.150798966606065","https://pbs.twimg.com/profile_images/1606041732004593664/JxLZNWsq_normal.jpg","","""καλέω: to call"" | #Bitcoin | Crypto | Options | Engineer | Do Your Own Research | Not Financial Advice | This is My Journal. ( Co-Founder - @LedgArt_io )","https://twitter.com/CryptoKaleo","","","","","","","","",""
"24222556","tyler","Tyler Winklevoss","New York, NY","82","36","1066572","","1","individual","24.141230504257965","https://pbs.twimg.com/profile_images/1594860913617616897/PZXzShqx_normal.jpg","","Co-founder @gemini Co-founder @winklevosscap Vocals @marsjunction","https://twitter.com/tyler","https://github.com/teeler","https://instagram.com/tylerwinklevoss","https://linkedin.com/in/tylerwinklevoss","","","","","",""
"1498857371547828224","moonbirds","Moonbirds (🦉, 🎨)","","67","62","182532","","1","","24.10295665486556","https://pbs.twimg.com/profile_images/1595478138716184577/g620V8sF_normal.jpg","","The art collector’s PFP. | Companions: @oddities_xyz | OpenSea: https://t.co/nuWLOxntny | Discord: https://t.co/29CqOC105s | Built by: @proof_xyz","https://twitter.com/moonbirds","","","","","","","","",""
"4911583324","andr3w","andrew wang","teamandr3w@unitedtalent.com","54","35","183020","","1","individual","23.94986125729595","https://pbs.twimg.com/profile_images/1637372413066330112/BN8GRBwV_normal.jpg","","get in mfer, we’re creating the future of the internet ✌️ #10 @webthreefc, rep by @unitedtalent. follow me for, idk, everything you'll need on this journey.","https://twitter.com/andr3w","","","","","","","","",""
"2178012643","balajis","Balaji","The Network State","55","1","706770","balajis.com","1","","23.92115587025165","https://pbs.twimg.com/profile_images/1406974882919813128/LOUb2m4R_normal.jpg","","Immutable money, infinite frontier, eternal life. #Bitcoin","https://twitter.com/balajis","https://github.com/balajis","https://linkedin.com/in/balajissrinivasan","https://medium.com/balajis","","","","","",""
"1481340056426143744","blur_io","Blur","Ethereum","82","79","92128","blur.io","0","","23.844608171466845","https://pbs.twimg.com/profile_images/1518705644450291713/X2FLVDdn_normal.jpg","","The NFT marketplace for pro traders. Backed by @Paradigm. Season 2 now LIVE. Discord: https://t.co/UdIqx7Ivxy Foundation: https://t.co/2OWOiNGnus","https://twitter.com/blur_io","","","","","","","","",""
"1595615893","Polkadot","Polkadot","","87","50","1281747","polkadot.network","1","","23.710649698593436","https://pbs.twimg.com/profile_images/1545343566574194691/SDAgOchi_normal.jpg","","Polkadot is a sharded protocol that enables blockchain networks to operate together seamlessly.","https://twitter.com/Polkadot","https://youtube.com/c/PolkadotNetwork","","","","","","","",""
"361289499","BitcoinMagazine","Bitcoin Magazine","Nashville, TN","0","0","2681456","bitcointv.com","1","","23.576691225720026","https://pbs.twimg.com/profile_images/1444022922377576453/AzvXYXGr_normal.jpg","","The Most Trusted Voice In #Bitcoin •  World's Largest Bitcoin Conference 🎟 https://t.co/yyaMwgp32w • Shop📗 https://t.co/v3sTyIe8Z3 • App📱@EarnWithBM • Find us 🔎 https://t.co/X4mXn4g3Oo","https://twitter.com/BitcoinMagazine","https://facebook.com/bitcoinmagazine","https://instagram.com/bitcoinmagazine","https://linkedin.com/company/bitcoin-magazine","https://youtube.com/c/BitcoinMagazine","","","","",""
"1332033418088099843","arbitrum","Arbitrum (💙,🧡)","","79","83","212823","arbitrum.io","0","","23.500143526935222","https://pbs.twimg.com/profile_images/1638966849202159617/zr12O5Ji_normal.png","","Official account of the Arbitrum Foundation, dedicated to the decentralization, security & growth of Arbitrum technologies, including Arbitum One & Nova.","https://twitter.com/arbitrum","","","","","","","","",""
"1429132199240994818","hyperspacexyz","Hyperspace ✨ Solana NFT Marketplace & Aggregator","","53","91","63150","","0","","23.423595828150418","https://pbs.twimg.com/profile_images/1621624231548141572/e6oB5dsJ_normal.jpg","true","Solana's best NFT marketplace.

Save money sweeping floors by buying across all marketplaces at once.

Join the community on https://t.co/yVz4UBidU2","https://twitter.com/hyperspacexyz","","","","","","","","",""
"1362625187489976321","GordonGoner","GordonGoner.eth (Wylie Aronow)","","0","0","83127","","1","","23.375753516409915","https://pbs.twimg.com/profile_images/1446538671998578692/GxpsJa-l_normal.jpg","","Taking a break to focus on health. Apeman. Co-Founder of @yugalabs & @boredapeyc. Host: @fvckingmeta Involved: @cryptopunksnfts / @othersidemeta / @MeebitsNFTs","https://twitter.com/GordonGoner","","","","","","","","",""
"2207129125","Cointelegraph","Cointelegraph","New York, New York","54","9","2649705","cointelegraph.com","0","","23.34704812936561","https://pbs.twimg.com/profile_images/1270073276740534274/APmUBHaI_normal.jpg","","The leader in Bitcoin, Ethereum & blockchain news. Markets: @CointelegraphMT. Magazine: @CointelegraphZN. Research: @CointelegraphCS. TG: https://t.co/M6iNuH76x7","https://twitter.com/Cointelegraph","https://facebook.com/cointelegraph","https://instagram.com/cointelegraph","https://linkedin.com/company/cointelegraph","https://youtube.com/channel/UCRqBu-grVX1p97WaX4d-OuQ","","","","",""
"1160222700104757249","rarible","Rarible","🌈","69","46","468091","rarible.com","1","","23.31834274232131","https://pbs.twimg.com/profile_images/1598552600105734145/FMiNs3EO_normal.png","","Aggregated, community-centric, multichain NFT marketplace | Community marketplaces built on @raribleprotocol | #RariGang 💛 | tag @RaribleHelp for help","https://twitter.com/rarible","https://instagram.com/rarible","","","","","","","",""
"1365372609903419395","veefriends","VeeFriends","","63","57","235545","veefriends.com","1","","23.03128887187829","https://pbs.twimg.com/profile_images/1611869527016366080/0RyALusw_normal.jpg","","Just here to make (Vee)Friends. 
Official accounts: @veecon @veefriendshelp @veefriendsbot","https://twitter.com/veefriends","https://instagram.com/veefriends","https://youtube.com/channel/UCySXUdGjzVwFai8U03H-vGw","","","","","","",""
"177395566","XCOPYART","XCOPY 🏴","","70","71","204896","xcopy.art","0","","22.954741173093485","https://pbs.twimg.com/profile_images/1639198797329756161/tZbePNAY_normal.jpg","","CRYPTO X ART","https://twitter.com/XCOPYART","","","","","","","","",""
"1031949518609121280","NEARProtocol","NEAR Protocol | Create Without Limits","","88","53","602765","near.org","1","","22.820782700220075","https://pbs.twimg.com/profile_images/1631021064171196431/_ahCp9jR_normal.jpg","","NEAR is the Blockchain Operating System.

https://t.co/G57FXrgu69

#NEARisNOW","https://twitter.com/NEARProtocol","https://facebook.com/NearProtocol","https://github.com/near","https://instagram.com/near_protocol","https://youtube.com/channel/UCuKdIYVN8iE3fv8alyk1aMw","","","","",""
"864347902029709314","cryptocom","Crypto.com","","82","51","1109902","crypto.org","1","","22.74423500143527","https://pbs.twimg.com/profile_images/1637815576302084097/pU4BwAG1_normal.jpg","","The best place to buy, sell, and pay with crypto #BTC #CRO #DeFi #FFTB","https://twitter.com/cryptocom","https://facebook.com/cryptocomofficial","https://github.com/crypto-org-chain","https://instagram.com/cryptocomofficial","https://linkedin.com/company/cryptocom","https://medium.com/crypto","https://youtube.com/channel/UCOMprzxakZOqmY23LYIawmg","","",""
"1064982684060057606","ShiLLin_ViLLian","Alex❓","","57","65","12238","","0","individual","22.705961152042867","https://pbs.twimg.com/profile_images/1640392358314360841/_WR-Oh2B_normal.jpg","","just a normal guy","https://twitter.com/ShiLLin_ViLLian","","","","","","","","",""
"1430181533198036996","MonkeDAO","MonkeDAO🍌","Web3","37","27","57934","","0","","22.505023442732753","https://pbs.twimg.com/profile_images/1520205713221382144/TM27IHMP_normal.jpg","true","Reject Humanity, Return to Monke. 
Solana's first community-owned & operated NFT DAO. 
Exclusive to @SolanaMBS owners. 🐵❤️🍌  ↓  https://t.co/VzlfZbyRSz","https://twitter.com/MonkeDAO","","","","","","","","",""
"1395553778187718657","coolcats","Cool Cats","Cooltopia","74","74","202297","www.coolcatsnft.com","1","","22.49545498038465","https://pbs.twimg.com/profile_images/1620513097319436292/Q6jvEyPx_normal.jpg","","Experience the World of Cooltopia.","https://twitter.com/coolcats","https://youtube.com/channel/UCg2TFGt5LqBOSkEfeoP_shQ","","","","","","","",""
"1505874016761831430","DegenerateNews","DEGEN NEWS 🗞️","NFT space","50","64","24037","","0","","22.49545498038465","https://pbs.twimg.com/profile_images/1551586710873550848/8_M8f6ds_normal.jpg","true","Reporting NFT nonsense. Founder: @DN_Founder. Affiliated with @DegenerateSpice. Discord: https://t.co/osZI6gH6fn. Linktree: https://t.co/CgUN5Xiivz","https://twitter.com/DegenerateNews","","","","","","","","",""
"980935731794403328","SuperRare","SuperRare 💎","Ethereum","65","54","307851","superrare.com","1","","22.43804420629605","https://pbs.twimg.com/profile_images/1495039475839234052/gN6McV0d_normal.png","","Cryptoart, curated since 2018","https://twitter.com/SuperRare","https://instagram.com/superrare.co","https://youtube.com/channel/UCp9loE7UzFpFxtQHNK8TbKg","","","","","","",""
"13418472","woonomic","Willy Woo","","80","53","1044591","woobull.com","0","individual","22.18926418524543","https://pbs.twimg.com/profile_images/1600775715892432896/c1rFKYSz_normal.jpg","","#Bitcoin analyst | Partner at Crest Fund, we deploy capital into quant funds, if that's you contact us at data@crest.fund | I'm on #nostr: https://t.co/4A2lNl4gUL","https://twitter.com/woonomic","https://linkedin.com/in/woonomic","https://youtube.com/channel/UCNSawUAJPtGqnhpucPqdDrw","","","","","","",""
"9897812","richerd","richerd.eth","Vancouver, Canada","61","46","177916","","1","","22.17969572289733","https://pbs.twimg.com/profile_images/1511590930251325697/yCcgkERM_normal.jpg","","co-founder @manifoldxyz | CryptoPunk #6046

Helping creators build in web3. Thoughts on why NFTs are the future of the creator economy.","https://twitter.com/richerd","https://facebook.com/richerd","https://github.com/richerd","https://linkedin.com/in/richerd","","","","","",""
"1516161175746191368","TrippinApeNFT","Trippin’ Ape Tribe","Enter the Unknown 👉","81","78","385629","","0","","22.112716486460627","https://pbs.twimg.com/profile_images/1516190526592139266/tTBE_jP5_normal.jpg","","A psychedelic experiment, built by @VALHALLA__LABS. 
IT'S NOT A CULT.","https://twitter.com/TrippinApeNFT","","","","","","","","",""
"2412652615","coingecko","CoinGecko","","66","37","1461975","www.coingecko.com","0","","21.854368003061907","https://pbs.twimg.com/profile_images/1604796574415978496/SIffz3a6_normal.jpg","","The world's largest independent crypto data aggregator.
Price alerts on-the-go: https://t.co/zr3BjUr9ZZ

Gain market insights @GeckoInsights
Track DEXs @GeckoTerminal","https://twitter.com/coingecko","https://facebook.com/coingecko","https://github.com/coingecko","https://instagram.com/coingecko","https://youtube.com/channel/UC-OTgwOAI7KmP0eDAtqN3Ow","","","","",""
"887748030304329728","TheCryptoDog","The Crypto Dog📈","","55","3","746919","","1","","21.844799540713808","https://pbs.twimg.com/profile_images/1626869353361842176/QjtjYHnQ_normal.jpg","","STEM PhD dropout / $crypto-trading dog🐕 Started mining #bitcoin in 2011. Investor / market commentator. Health & wellness @trybetterbrand with @DrChrisPharmD","https://twitter.com/TheCryptoDog","https://medium.com/thecryptodog","","","","","","","",""
"936048782206058496","dingalingts","dingaling 丁丁","Squanchland","62","75","126677","","0","","21.844799540713808","https://pbs.twimg.com/profile_images/1620379245641097216/8sH4LJw__normal.jpg","","NFT maxi. Buyer of bags. Holder of everything","https://twitter.com/dingalingts","","","","","","","","",""
"1404603419101306881","kmoney_69","kmoney","Los Angeles, CA","51","56","42658","","0","individual","21.806525691321404","https://pbs.twimg.com/profile_images/1605784450528186370/FdZZd8Ge_normal.jpg","","i make funny videos about web3 (whatever that is) director of social video for @nftnow ⁣| co-host of the @ngmi_podcast | work: business@kmoney.io","https://twitter.com/kmoney_69","","","","","","","","",""
"868760548674072576","Loopifyyy","Loopify 🧙‍♂️","(🌱)","51","40","196146","","0","individual","21.768251841929","https://pbs.twimg.com/profile_images/1573621368897376256/axS4pz4m_normal.png","","building @EndlessCloudsHQ & @interleaveCC  🤖

i am a jpeg enthusiast and write stuff","https://twitter.com/Loopifyyy","","","","","","","","",""
"396045469","BarrySilbert","Barry Silbert","Stamford, CT","96","76","761679","","1","individual","21.7586833795809","https://pbs.twimg.com/profile_images/1513121772685742085/fKathj7p_normal.jpg","","Founder/CEO @DCGco, parent of @Grayscale @GenesisTrading @CoinDesk @TradeBlock @FoundryServices @LunoGlobal, investor in 200 cos","https://twitter.com/BarrySilbert","https://facebook.com/barry.gilbert.754","https://linkedin.com/in/barrysilbert","","","","","","",""
"1317828734913753090","artblocks_io","Art Blocks","USA","48","44","145846","www.artblocks.io","0","individual","21.7299779925366","https://pbs.twimg.com/profile_images/1582886125336608768/ZeBztIcV_normal.png","","Art Blocks is dedicated to bringing compelling works of contemporary generative art to life, powered by Ethereum.

D: https://t.co/NyvH1S1yvM 
News: https://t.co/PJqESIHZUK","https://twitter.com/artblocks_io","https://instagram.com/artblocks_io","https://youtube.com/channel/UCJ3do9nWP6qaJkcbxZaJZ4w","","","","","","",""
"954005112174862336","Bitboy_Crypto","Ben Armstrong","Atlanta, Georgia","70","19","2351351","bitboycrypto.com","1","individual","21.682135680796097","https://pbs.twimg.com/profile_images/1619062546740219909/iCyVVtYV_normal.jpg","","💰Partnered with @stake the Leading Crypto-Betting Platform - Creator. Author. People’s Champ. $XRP $ADA $ETH $ICP $HBAR $ALGO $MATIC $BTC","https://twitter.com/Bitboy_Crypto","https://instagram.com/bitboy_crypto","https://youtube.com/channel/UCjemQfjaXAzA-95RKoy9n_g","","","","","","",""
"956670268596015105","iamDCinvestor","DCinvestor.eth ⌐◨-◨","","52","56","207133","","0","","21.682135680796097","https://pbs.twimg.com/profile_images/1548726894417305601/Ko19bO_Q_normal.png","","investor, advisor, & fan of #crypto, #web3, #ethereum, #defi & #nft art. posts are not financial advice. 🖼 https://t.co/Aq5wHkGfEK + https://t.co/8RngRZ3Q3v","https://twitter.com/iamDCinvestor","","","","","","","","",""
"885331587310735360","cozypront","Cozy ⓣhe Caller 🔥💃🏻","MonkeDAO","45","60","113897","","0","","21.643861831403694","https://pbs.twimg.com/profile_images/1608241900020027398/tHWK7QNb_normal.jpg","","The Caller Himself - Hopefully soon Retired. Not financial advice but life changing advice. Marketing & Social Media & Solana maxi @acozyplacedao","https://twitter.com/cozypront","","","","","","","","",""
"1388972460456955907","FamousFoxFed","Famous Fox Federation 🦊🟠","Foxton","44","60","41275","","0","","21.509903358530284","https://pbs.twimg.com/profile_images/1433087419046367235/uFYaQEsU_normal.jpg","true","The Famous Fox Federation, the most famous NFT collection on Solana || Secondary: https://t.co/pbNXzyFQUe","https://twitter.com/FamousFoxFed","","","","","","","","",""
"2529971","cdixon","cdixon.eth","CA","0","0","975235","cdixon.org","1","","21.43335565974548","https://pbs.twimg.com/profile_images/1433529810681155587/ACs86CsF_normal.png","","Programming, philosophy, history, internet, startups, web3 @ a16z","https://twitter.com/cdixon","https://facebook.com/chrisjdixon","https://linkedin.com/in/cdixon99","https://medium.com/cdixon","","","","","",""
"3005650652","seedphrase","seedphrase","metaverse","84","86","173942","","1","","21.43335565974548","https://pbs.twimg.com/profile_images/1597180034929901568/mhNJeLA1_normal.jpg","","#1 CryptoPunk in music, fashion, gaming, art https://t.co/qhofv22lor","https://twitter.com/seedphrase","","","","","","","","",""
"64844802","a16z","a16z","The Cloud","62","29","638649","a16z.com","1","","21.395081810353076","https://pbs.twimg.com/profile_images/1527308966614933505/N61sd5P3_normal.jpg","","we invest in software eating the world 
https://t.co/ZZLWI3uCQy 
https://t.co/Z7JS4DaRua","https://twitter.com/a16z","","","","","","","","",""
"701756115118333952","fvckrender","FVCKRENDER","LVCIDIA","60","46","173994","","1","","21.366376423308775","https://pbs.twimg.com/profile_images/1623052590966796288/sZBPLA-i_normal.jpg","","ARTIST
Sold at Christies, Sothebys, Avantarte
Creative Director at @lvcidia 
Brand and partnership at @90s_kids_club

Sales bot https://t.co/XlTqWKC1NZ","https://twitter.com/fvckrender","","","","","","","","",""
"3291830170","decentraland","Decentraland #MVFW23","Metaverse","67","70","638921","decentraland.org","0","","21.261123337479667","https://pbs.twimg.com/profile_images/1597286054150692866/bQsP8fFn_normal.jpg","","Explore the first decentralized metaverse that is built, governed, and owned by its users—discover different districts, meet people, party at events, and more!","https://twitter.com/decentraland","https://facebook.com/decentraland","https://github.com/decentraland","https://linkedin.com/in/arimeilich","https://medium.com/decentraland","","","","",""
"944686196331966464","HsakaTrades","Hsaka","","71","57","255102","","0","individual","21.213281025739164","https://pbs.twimg.com/profile_images/1500635331061760003/hhOseoKP_normal.jpg","","• I trade, I drink your milkshake •","https://twitter.com/HsakaTrades","","","","","","","","",""
"899558268795842561","CryptoCred","Cred","London","45","3","480276","","0","","21.17500717634676","https://pbs.twimg.com/profile_images/1444398863268339717/2jQUsbjB_normal.jpg","","Always trader, often shitposter, sometimes educator","https://twitter.com/CryptoCred","","","","","","","","",""
"61417559","ErikVoorhees","Erik Voorhees","Bitcoinland","86","69","601949","","1","individual","21.06975409051765","https://pbs.twimg.com/profile_images/1585414498654900224/c4BY6yHE_normal.jpg","","Toward peace, markets, and Bitcoin. Founder of https://t.co/vPo8SbPo6Q","https://twitter.com/ErikVoorhees","https://facebook.com/erik.voorhees","https://instagram.com/erikvoorhees","https://linkedin.com/in/erikvoorhees","","","","","",""
"1383146606237745154","AuroryProject","Aurory (Open Alpha)","","80","81","189207","aurory.io","0","","21.06975409051765","https://pbs.twimg.com/profile_images/1602735870137831425/DiYodtmy_normal.jpg","","The future of crypto gaming powered by $AURY.

Play Tactics now from our website. No wallet or download required.

https://t.co/a6HhKIdGiC
https://t.co/dvV0QIzUG5","https://twitter.com/AuroryProject","https://instagram.com/auroryproject","https://youtube.com/channel/UCcJNmpgOE3CpqQls8UH1mRw","","","","","","",""
"1426732252768182281","notthreadguy","ThreadGuy 👑","Turn around ","53","71","53296","","0","","20.935795617644246","https://pbs.twimg.com/profile_images/1547080829788196865/Natr1sGX_normal.jpg","","Not Satire | Director of Vibes @jenkinsthevalet","https://twitter.com/notthreadguy","","","","","","","","",""
"1353062898419994626","nftnow","nft now","The Metaverse","55","44","101573","","1","","20.935795617644246","https://pbs.twimg.com/profile_images/1627883596861042688/Qjtf93Zv_normal.jpg","","The future of tokenized media is now 🌐

@thenowpass 👉 https://t.co/vr9b9026Up

🌊 OpenSea: https://t.co/7FAYBRo9yT","https://twitter.com/nftnow","","","","","","","","",""
"996321865311358976","ensdomains","ens.eth","Ethereum","75","66","181578","ens.domains","1","","20.811405607118935","https://pbs.twimg.com/profile_images/1455381288756695041/acatxTm8_normal.jpg","","Your web3 username. Learn more: https://t.co/wwHkW0sWFF | Register: https://t.co/T5HuV0O0li | Support help: DM us for support","https://twitter.com/ensdomains","https://github.com/ensdomains","","","","","","","",""
"1051053836","Ripple","Ripple","","100","76","2666692","ripple.com","1","","20.801837144770836","https://pbs.twimg.com/profile_images/1546617859425456128/pNaQPiX2_normal.jpg","","Our mission is to build breakthrough crypto solutions for a world without economic borders.","https://twitter.com/Ripple","https://facebook.com/rippleofficial","https://github.com/monicalong","https://linkedin.com/company/rippleofficial","https://youtube.com/channel/UCjok1uTSBUgvRYQaASz6YWw","","","","",""
"1052454006537314306","BNBCHAIN","BNB Chain","Mars","84","37","2491302","www.bnbchain.org","1","","20.773131757726535","https://pbs.twimg.com/profile_images/1565354861616832513/ovh5FyDN_normal.png","","Build your dream Web3 career with BNB Chain's Zero2Hero Builder Series! ⚡ Apply now ⤵️ https://t.co/bcd6FrUmh7","https://twitter.com/BNBCHAIN","https://github.com/bnb-chain","https://youtube.com/channel/UCG9fZu6D4I83DStktBV0Ryw","","","","","","",""
"1443352548770041856","SolportTom","Tom","","64","92","32529","","0","individual","20.658310209549324","https://pbs.twimg.com/profile_images/1631482128641794051/iY6gd2ip_normal.jpg","true","Building the future of creator tech through @graphiteproto. building value for @taiyorobotics/@solsteadsnft/ @taiyopilots","https://twitter.com/SolportTom","","","","","","","","",""
"1232540254457847808","foundation","Foundation","🌐","70","58","323138","foundation.app","1","","20.47650942493541","https://pbs.twimg.com/profile_images/1526963356799668224/C64XFkk4_normal.jpg","","We build the most powerful tools for the most creative people in the world.

For Support, see @FoundationHelp.","https://twitter.com/foundation","https://instagram.com/withfoundation","","","","","","","",""
"1137038394503114753","1inch","1inch Network","Moon","68","34","1010422","1inch.io","1","","20.43823557554301","https://pbs.twimg.com/profile_images/1616124968265302024/mhT50NcT_normal.jpg","","A distributed network for various protocols on #Ethereum, #BNBChain, #Avalanche, #Polygon, #OΞ, #Arbitrum, #Gnosis, #Fantom, #Klaytn and #Aurora.","https://twitter.com/1inch","https://facebook.com/1inchnetwork","https://github.com/1inch","https://instagram.com/1inch","https://linkedin.com/company/1inch","","","","",""
"14338147","SatoshiLite","Charlie Lee Ⓜ️🕸️","","55","4","1074600","","1","individual","20.40953018849871","https://pbs.twimg.com/profile_images/1642035214699614212/UePaguXa_normal.png","","Creator of Litecoin.
Cryptocurrency Enthusiast.
Ex-Director of Engineering at Coinbase.
Director of the Litecoin Foundation.","https://twitter.com/SatoshiLite","https://facebook.com/charlesblee","https://github.com/coblee","https://linkedin.com/in/chocobo","","","","","",""
"1202724401528987648","BAYC2745","voltura.eth","Psychedelic Universe","56","68","154532","","0","","20.380824801454406","https://pbs.twimg.com/profile_images/1637609621589483522/Uw93XCLK_normal.jpg","","creator of things including @psychedelic_nft @newdawnxyz @volturalabs","https://twitter.com/BAYC2745","","","","","","","","",""
"16273846","tropoFarmer","tropoFarmer 🍌","Minnesota","51","3","163382","","1","individual","20.361687876758204","https://pbs.twimg.com/profile_images/1547001359622438912/1tITuXmH_normal.png","","lover of web3. purveyor of NFTs. ape maxi.","https://twitter.com/tropoFarmer","","","","","","","","",""
"250980843","cameron","Cameron Winklevoss","","92","69","709972","","1","individual","20.352119414410105","https://pbs.twimg.com/profile_images/1594863441218371584/FyMCXeWM_normal.png","","Co-founder @gemini
Co-founder @winklevosscap
Guitars @marsjunction","https://twitter.com/cameron","","","","","","","","",""
"1376161898","IOHK_Charles","Charles Hoskinson","Boulder, Colorado","0","0","947067","","1","individual","20.323414027365803","https://pbs.twimg.com/profile_images/1634639277819678724/5demdB4Y_normal.jpg","","8830 AC64 17F2 5164 195C 05DE 21E3 E377 13E1 5586 | CEO of IOG and King of the Rats","https://twitter.com/IOHK_Charles","https://facebook.com/iohk.io","https://github.com/charleshoskinson","https://linkedin.com/in/charleshoskinson","https://youtube.com/c/IohkIo","","","","",""
"1022028994772910086","terra_money","Terra 🌍 Powered by LUNA 🌕","","54","13","1169628","www.terra.money","1","individual","20.275571715625297","https://pbs.twimg.com/profile_images/1532402011324436483/_UxbGWt3_normal.png","","Fueled by a passionate community and deep developer talent pool, the Terra blockchain is built to enable the next generation of Web3 products and services.","https://twitter.com/terra_money","https://github.com/terra-money","https://linkedin.com/company/terraform-labs","https://youtube.com/channel/UCoV1RXZ9ZBGcuu_PMTTlM0g","","","","","",""
"1431223416439312393","MekaVerse","MekaVerse","#MEKAGANG","81","76","267826","","1","","20.218160941536695","https://pbs.twimg.com/profile_images/1507402428869713921/oZCpB-A3_normal.jpg","","8888 unique Meka who need Drivers. 🤖 
🌐 OpenSea: https://t.co/FVVg5xQdlz
🤍 Discord: https://t.co/Fnp8DzDMVz","https://twitter.com/MekaVerse","","","","","","","","",""
"1053795166199238656","niftygateway","Nifty Gateway 🌐","The Future","59","43","258212","","1","","20.199024016840493","https://pbs.twimg.com/profile_images/1621236815964553216/CVvMmkxY_normal.png","","Nifty Gateway is an all-in-one platform that makes it easy to buy, sell, and store digital art and collectibles! - Owned by @Gemini. Support? Submit a ticket👇","https://twitter.com/niftygateway","","","","","","","","",""
"1439068275040653313","Stepnofficial","STEPN | Public Beta Phase V","Outdoor","0","0","363630","","1","","20.17988709214429","https://pbs.twimg.com/profile_images/1612809667113000962/zMavkfds_normal.jpg","","STEPN is a web3 lifestyle app with social & game elements.

For support ➡️ https://t.co/PFqLTd6kWO","https://twitter.com/Stepnofficial","","","","","","","","",""
"1530530365","chainlink","Chainlink","","86","47","851950","chain.link","1","","20.170318629796192","https://pbs.twimg.com/profile_images/1030475757892579334/qvSHhRyC_normal.jpg","","The industry-standard Web3 services platform connecting the world’s data and systems to blockchains ⬡ Sign up for the spring hackathon: https://t.co/EAIDkt1Byd","https://twitter.com/chainlink","https://github.com/smartcontractkit","https://youtube.com/channel/UCnjkrlqaWEBSnKZQ71gdyFA","","","","","","",""
"111653829","knox_trades","knoxtrades | JuicyStake.io","The Blockchain","42","46","70009","","0","individual","20.12247631805569","https://pbs.twimg.com/profile_images/1639226228824571904/HUVvn2Du_normal.jpg","true","Owner @ Juicy Stake | YouTube https://t.co/K7fvLtnUCU | Stake $SOL with me on Juicy Stake! | @saydialect: knox","https://twitter.com/knox_trades","","","","","","","","",""
"1225557966142820354","BanklessHQ","Bankless","Internet","47","63","107349","www.bankless.com","1","","20.084202468663285","https://pbs.twimg.com/profile_images/1559689397288706048/uO6uah2X_normal.jpg","","It’s time to break up with your bank, and join the movement for sovereign finance. 👉 Build your crypto know-how by subscribing to the #Bankless newsletter.","https://twitter.com/BanklessHQ","https://instagram.com/bankless","https://youtube.com/c/bankless","","","","","","",""
"1420417970749149188","proof_xyz","PROOF (🥃,🦉)","","62","75","67629","www.proof.xyz","1","","20.074634006315183","https://pbs.twimg.com/profile_images/1508822742619013129/K3tiIV3T_normal.jpg","","🥃 PROOF Collective | 🦉 @Moonbirds | 🦴@oddities_xyz | 🔈 @proofpodcasts | 💬 https://t.co/GUxJWXnB7m | Co-founded by @kevinrose & @justinmezzell","https://twitter.com/proof_xyz","","","","","","","","",""
"989912836901089282","Blockworks_","Blockworks","New York, NY","64","30","364147","blockworks.co","1","","20.00765476987848","https://pbs.twimg.com/profile_images/1529547296358146052/UDKaWYNG_normal.jpg","","Crypto news, information, and analytics. 

Join us at @Permissionless. Built for investors: @Blockworksres","https://twitter.com/Blockworks_","https://instagram.com/blockworks__","https://linkedin.com/company/the-blockworks-group","https://youtube.com/channel/UCkrwgzhIBKccuDsi_SvZtnQ","","","","","",""
"942999039192186882","AltcoinPsycho","Psycho","","73","60","444891","","1","","19.85455937230887","https://pbs.twimg.com/profile_images/1550148855852834816/L6xlDzwf_normal.jpg","","Volatility Seeker ~ Former #1 PnL algo trader","https://twitter.com/AltcoinPsycho","","","","","","","","",""
"997715301545361408","DCLBlogger","🍞 Matty","","60","30","226878","www.dclblogger.com","1","","19.797148598220264","https://pbs.twimg.com/profile_images/1557686154392379392/QHPy_U7d_normal.jpg","","Writing about AI, Web3 and Tech 👇 Founder @themetakey. Investing in web3 via @b3v_io.","https://twitter.com/DCLBlogger","https://github.com/decentraland","","","","","","","",""
"2729214382","CryptoAnglio","Anglio","London, England","60","69","134328","","0","","19.768443211175963","https://pbs.twimg.com/profile_images/1539914688611459074/jnZfe1Rf_normal.jpg","","DM for - PROMO/MARKETING #Solana $SOL $ETH $FTM

Building @DoomSyndicate_ DAO 

Collab managers @Hoxton_09 @K1Cryptospace","https://twitter.com/CryptoAnglio","","","","","","","","",""
"1270906326823186432","WClementeIII","Will Clemente","Miami, FL","82","85","621706","","0","individual","19.682327050043057","https://pbs.twimg.com/profile_images/1634293193180151812/-iwlRutO_normal.jpg","","Co-Founder of @ReflexivityRes | life-long learner","https://twitter.com/WClementeIII","","","","","","","","",""
"811350","alexisohanian","AlexisOhanian7️⃣7️⃣6️⃣","Florida","66","30","1150807","alexisohanian.com","1","","19.66319012534686","https://pbs.twimg.com/profile_images/1595349966544855040/AIjowjF7_normal.jpg","","Founder @SevenSevenSix ♻️ @776Foundation
Prev. founded @Initialized @Reddit 💪 #BusinessDad #PaidFamilyLeave 
Owner ⚽️ @weareangelcity 🎮 @cloud9 
🦄 x 40","https://twitter.com/alexisohanian","https://facebook.com/alexis.ohanian","https://github.com/breadpig","https://instagram.com/alexisohanian","https://linkedin.com/in/alexisohanian","https://youtube.com/channel/UCwihk3fgm60YH6fmWWC8OaQ","","","",""
"58487473","cryptomanran","Ran Neuner","www.cryptobanter.com","82","65","590008","","1","","19.644053200650653","https://pbs.twimg.com/profile_images/1574328471320338434/XcWcBUX8_normal.jpg","","CNBC Crypto Trader , Founder Crypto Banter. Invest in protocols that will change the world-give them enough time to do their thing. Tweets not financial advice.","https://twitter.com/cryptomanran","https://instagram.com/cryptomanran","https://linkedin.com/in/ran-neuner-8826a756","https://youtube.com/channel/UCiiCGxayDE0lWFLSG86J2JQ","","","","","",""